Type de prix;Mention;Numéro de l'édition;Edition;Code sexe;sexe;prenom;nom;Thematique;Type financement;Code du programme;Code d'appel à projet;Acronyme du projet;Titre du projet;Lien Cordis;Résumé;Identifiant de structure;Libellé de structure;Sigle de structure;Nature de la structure;Code commune;Libellé commune;Code unité urbaine;Libellé unité urbaine;Code département;Libellé département;Code région;Libellé région;Géolocalisation;Lien scanR;IdRef;Lien IdRef
Etoiles de l'Europe;Mention Innovation;4;2016;1;Homme;Laurent;MASSOPTIER;Biologie et santé;MC-ITN;PEOPLE;FP7-PEOPLE-2011-ITN;SUMMER;Software for the Use of Multi-Modality images in External Radiotherapy;http://cordis.europa.eu/project/rcn/100561_en.html;"La radiothérapie (RT) est le traitement principal contre le Cancer, utilisé dans la majorité des prises en charge thérapeutiques. Son but est d'atteindre la plus haute probabilité de contrôle tumoral avec le moins d'effets secondaires et de morbidité. Malgré des progrès significatifs dans les techniques de traitement et dans les technologies d'imagerie au cours des dernières décennies, des difficultés persistent pour définir précisément l’hétérogénéité fonctionnelle des tumeurs afin de mieux contrôler et évaluer la croissance tumorale locale. Ainsi, il est aujourd’hui nécessaire de mieux caractériser les tumeurs en fonction de leur morphologie, leur mouvement et leur profil moléculaire avant, pendant et après les traitements. Dans ce contexte, la radiothérapie est de plus en plus dépendante de l'imagerie médicale multimodale (CT, IRM, TEP, MRS, IRMd ou IRMf) pour mieux cibler et mieux évaluer les traitements. Les objectifs scientifiques de SUMMER sont de répondre aux besoins d’une plateforme logicielle d’imagerie transversale à partir de laquelle les oncologues, médecins, physiciens et radiologues peuvent partager, analyser et délinéer les images nécessaires en RT. Les principaux résultats escomptés ont été les suivants :
• Proposition une plate-forme d’imagerie unique et adaptable, partagée entre les différents professionnels concernés, pour préparer les traitements et suivre les patients de manière coordonnée ;
• Création d'outils rapides et intuitifs pour optimiser la planification de la RT et améliorer l'évaluation post traitement (recalage et fusion multimodales, segmentation du volume cible biologique, interface ergonomique et adaptative) ;
• Contribution aux études cliniques prospectives permettant de mieux cibler le tissu tumoral et/ou d’améliorer la sécurité des organes à risques ;
• Proposition de normes possibles pour les types d'images utilisées au cours de la chaine de traitement par RT externe.
Au niveau sociétal, il y a volonté croissante d’acquérir une meilleure connaissance des facteurs prédictifs de survie ou de contrôle tumoral, pour des patients ayant bénéficié du même traitement. Le projet SUMMER apporte une contribution importante dans le domaine de la maitrise et de l’analyse des images médicales, sources d’informations aujourd’hui insuffisamment exploitées. La maitrise de ces images tout au long du parcours de soin du patient, permettra, grâce à l’extraction d’informations pertinentes (Radiomics), d’enrichir les données existantes (génétiques, protéomiques, démographiques…) pour développer une médecine 4P (Prédictive, Personnalisée, Préventive, Participative) utile aux patients.
SUMMER va ainsi fournir des technologies qui pourront être utilisées par de nombreux chercheurs qui mettent en place les études cliniques ou les cohortes prospectives pour lutter encore plus efficacement contre le Cancer.";433993540;AQUILAB;;Privé;59360;Loos;59702;Lille;59;Nord;32;Nord-Pas-de-Calais - Picardie;50.601689, 3.044053;https://scanr.enseignementsup-recherche.gouv.fr/structure/433993540;;
Etoiles de l'Europe;Mention Innovation;4;2016;1;Homme;Vania;CONAN;Mathématiques, physique, nano-sciences, sciences et technologies de l’information et de la communication;CP-FP-INFSO;ICT;FP7-ICT-2011-8;MOTO;Mobile Opportunistic Traffic Offloading;http://cordis.europa.eu/project/rcn/105191_fr.html;Le projet MOTO a été pionnier sur les questions les plus difficiles liées au délestage de trafic cellulaire en utilisant l’échange direct de données entre terminaux mobiles voisins. La Commission Européenne a mis en avant le projet comme l’un des précurseurs scientifiques des travaux sur les futurs réseaux 5G. Le projet MOTO illustre parfaitement comment une approche disruptive et un travail scientifique rigoureux peuvent répondre à un problème réel qu’est la manipulation de données massives devant transiter au travers des réseaux cellulaires.;383470937;THALES COMMUNICATIONS & SECURITY S.A.S;;Privé;92036;Gennevilliers;00851;Paris;92;Hauts-de-Seine;11;Île-de-France;48.941015, 2.307031;https://scanr.enseignementsup-recherche.gouv.fr/structure/383470937;203628160;http://www.idref.fr/203628160
Etoiles de l'Europe;;1;2013;1;Homme;Luc;FEDERZONI;;CP-IP;NMP;FP7-NMP-2007-LARGE-1;MULTILAYER;Rolled multi material layered 3D shaping technology;http://cordis.europa.eu/project/rcn/89314_en.html;;200418592W;Laboratoire d'Innovation pour les Technologies des Énergies Nouvelles et les Nanomatériaux;LITEN;Structure propre;38185;Grenoble;38701;Grenoble;38;Isère;84;Auvergne - Rhône-Alpes;45.202502, 5.703794;https://scanr.enseignementsup-recherche.gouv.fr/structure/200418592W;196439213;http://www.idref.fr/196439213
Etoiles de l'Europe;;1;2013;1;Homme;David;JASMIN;;CSA-SA;SIS;FP7-SCIENCE-IN-SOCIETY-2009-1;FIBONACCI;The FIBONACCI Project - Large scale dissemination of inquiry based science and mathematics education;http://cordis.europa.eu/project/rcn/93702_en.html;;539538645;Fondation pour l'Éducation à la Science dans le Sillage de la Main à la Pate;;Public;75106;Paris  6e;00851;Paris;75;Paris;11;Île-de-France;48.85729, 2.337354;https://scanr.enseignementsup-recherche.gouv.fr/structure/539538645;055745032;http://www.idref.fr/055745032
Etoiles de l'Europe;;1;2013;1;Homme;Massimo;MENENTI;;CP-SICA;ENVIRONMENT;FP7-ENV-2007-1;CEOP-AEGIS;Coordinated Asia-European long-term Observing system of Qinghai – Tibet Plateau hydro-meteorological processes and the Asian-monsoon systEm with Ground satellite Image data and numerical Simulations;http://cordis.europa.eu/project/rcn/89348_en.html;;201320497C;Laboratoire des Sciences de l'Ingénieur, de l'Informatique et de l'Imagerie;ICUBE;Structure mixte;67482;Strasbourg;67701;Strasbourg;67;Bas-Rhin;44;Alsace - Champagne-Ardenne - Lorraine;48.523526, 7.73879;https://scanr.enseignementsup-recherche.gouv.fr/structure/201320497C;076104958;http://www.idref.fr/076104958
Etoiles de l'Europe;;3;2015;2;Femme;Françoise;GENOVA;;CSA;INFRASTRUCTURES;FP7-INFRASTRUCTURES-2012-1;CoSADIE;Collaborative and Sustainable Astronomical Data Infrastructure for Europe;http://cordis.europa.eu/project/rcn/104381_en.html;;199712602R;Observatoire Astronomique de Strasbourg;;Structure mixte;67482;Strasbourg;67701;Strasbourg;67;Bas-Rhin;44;Alsace - Champagne-Ardenne - Lorraine;48.582949, 7.766506;https://scanr.enseignementsup-recherche.gouv.fr/structure/199712602R;032526237;http://www.idref.fr/032526237
Etoiles de l'Europe;;1;2013;1;Homme;Sylvain;FASS;;CP;SECURITY;FP7-SEC-2007-1;SECUREAU;Security and decontamination of drinking water distribution systems following a deliberate contamination;http://cordis.europa.eu/project/rcn/92297_en.html;;130015506;Université de Lorraine;;Public;54395;Nancy;54701;Nancy;54;Meurthe-et-Moselle;44;Alsace - Champagne-Ardenne - Lorraine;48.6962, 6.17634;https://scanr.enseignementsup-recherche.gouv.fr/structure/130015506;142793574;http://www.idref.fr/142793574
Etoiles de l'Europe;;1;2013;1;Homme;Guy;FRÉMONT;;CP-IP;TRANSPORT;FP7-SST-2008-RTD-1;SAFETRIP;Satellite Application For Emergency handling, Traffic alerts, Road safety and Incident Prevention;http://cordis.europa.eu/project/rcn/92596_en.html;;632050019;SANEF;SANEF;Privé;92040;Issy-les-Moulineaux;00851;Paris;92;Hauts-de-Seine;11;Île-de-France;48.832, 2.267066;https://scanr.enseignementsup-recherche.gouv.fr/structure/632050019;;
Etoiles de l'Europe;;3;2015;1;Homme;Philippe;CLÉZARDIN;;MC-ITN;PEOPLE;FP7-PEOPLE-2010-ITN;BONE-NET;European Training Network on Cancer-Induced Bone Diseases;http://cordis.europa.eu/project/rcn/96885_en.html;;201119460J;Physiopathologie, Diagnostic et Traitements des Maladies Osseuses;;Structure mixte;69388;Lyon 8e;00758;Lyon;69;Rhône;84;Auvergne - Rhône-Alpes;45.738, 4.887106;https://scanr.enseignementsup-recherche.gouv.fr/structure/201119460J;;
Etoiles de l'Europe;;3;2015;2;Femme;Odile;HEMBISE FANTON d’ANDON;;CP-FP;SPACE;FP7-SPACE-2011-1;OSS2015;Ocean Strategic Services beyond 2015;http://cordis.europa.eu/project/rcn/100691_en.html;;428834113;ACRI ST;;Privé;6018;Biot;06701;Nice;6;Alpes-Maritimes;93;Provence-Alpes-Côte d'Azur;43.6238717, 7.0596599;https://scanr.enseignementsup-recherche.gouv.fr/structure/428834113;;
Etoiles de l'Europe;Prix spécial du jury;4;2016;2;Femme;Geneviève;ALMOUZNI;Biologie et santé;NOE;HEALTH;FP7-HEALTH-2010-two-stage;EPIGENESYS;Moving Epigenetics Towards Systems Biology;http://cordis.europa.eu/result/rcn/55728_en.html;"Le Réseau d'excellence ""EpiGeneSys"" s’est efforcé à construire un pont entre deux
domaines d'excellence européens, l'épigénétique et la biologie des systèmes. Les quatre
modules de recherche du programme avaient pour objectif d’adresser quantitativement les
mécanismes épigénétiques fondamentaux, à la fois spatialement et temporellement dans le
but d'exprimer les événements dynamiques sous-jacents en termes mathématiques pour
modéliser et prédire comment l'équilibre entre le maintien et l'effacement des informations
épigénétiques varie dans des contextes spécifiques de développement, que ce soit dans des
conditions normales ou pathologiques.
• EpiGeneSys a contribué à acquérir une compréhension quantitative des forces
motrices moléculaires qui régissent la robustesse et la sensibilité de la liaison des
régulateurs épigénétiques à la chromatine, qui sont ainsi les points clés de la régulation de la
fonction cellulaire normale et de la dérégulation liée à la maladie.
• EpiGeneSys a contribué à élucider les interactions entre le génome et l'épigénome en
appliquant les approches rigoureuses de la biologie des systèmes à plusieurs variables
épigénétiques dans différents organismes modèles et dans des populations dont la diversité
de séquence est connue.
• EpiGeneSys a contribué à déterminer comment l'environnement, le stress, l'état
métabolique et les facteurs de croissance signalent à l'épigénome d’induire de nouveaux
programmes d'expression génique qui peuvent être transitoires ou conduire à des
phénotypes héritables à long terme.
• EpiGeneSys a contribué à faciliter une meilleure intégration entre les outils et
techniques de la biologie des systèmes et de la recherche épigénétique, grâce à un module
de travail (work package) dédié.
Cette approche transversale a permis de mieux comprendre l'hérédité épigénétique grâce à
l'étude de la stabilité et de la plasticité des différentes épistasies à tous les niveaux. Plus de
350 publications (dont 47% publiés dans des revues avec un facteur d'impact supérieur à 10)
et les nombreux meetings et ateliers organisés par le réseau, ont permis à la recherche des
membres d’EpiGeneSys d’atteindre une large audience scientifique et d’avoir un impact
majeur.";201420738K;Centre de Recherche Epidémiologiques et Bio Statistiques de Sorbonne Paris Cité;CRESS;Structure mixte;75104;Paris  4e;00851;Paris;75;Paris;11;Île-de-France;48.8539541, 2.3483307;https://scanr.enseignementsup-recherche.gouv.fr/structure/201420738K;033442088;http://www.idref.fr/033442088
Etoiles de l'Europe;Mention Science ouverte;4;2016;1;Homme;Manuel;CIRA;Sciences et société;CSA-SA;SiS;FP7-SCIENCE-IN-SOCIETY-2011-1;SFS;Sea for Society;http://cordis.europa.eu/project/rcn/103606_en.html;L’objectif du projet était de réunir les acteurs de la société civile dans un dialogue participatif pour qu’ils définissent ensemble les axes d’amélioration pour une meilleure utilisation des services que nous offre la mer en vue de définir la Blue Society. Il s’est agi ensuite d’organiser une grande phase de mobilisation et de soumettre des propositions concrètes à la DG Recherche et Innovation sur la recherche marine et la gouvernance.;378074744;SOCIETE D'EXPLOITATION DU CENTRE NATIONAL DE LA MER;;Privé;62160;Boulogne-sur-Mer;62503;Boulogne-sur-Mer;62;Pas-de-Calais;32;Nord-Pas-de-Calais - Picardie;50.734253, 1.595284;https://scanr.enseignementsup-recherche.gouv.fr/structure/378074744;;
Etoiles de l'Europe;;3;2015;2;Femme;Françoise;LESCOURRET;;CP-IP;KBBE;FP7-KBBE-2010-4;PURE;Pesticide Use-and-risk Reduction in European farming systems with Integrated Pest Management;http://cordis.europa.eu/project/rcn/98869_en.html;;196617874F;Unité de Recherche Plantes et Systèmes de Culture Horticoles;PSH;Structure propre;84007;Avignon;00754;Avignon;84;Vaucluse;93;Provence-Alpes-Côte d'Azur;43.916985, 4.883684;https://scanr.enseignementsup-recherche.gouv.fr/structure/196617874F;034994580;http://www.idref.fr/034994580
Etoiles de l'Europe;;3;2015;1;Homme;Jean-Claude;GASCARD;;CP-IP;TRANSPORT;FP7-OCEAN-2010;ACCESS;Arctic Climate Change, Economy and Society;http://cordis.europa.eu/project/rcn/98430_en.html;;200918490N;Laboratoire d'Océanographie et du Climat : Expérimentations et Approches Numériques;LOCEAN;Structure mixte;75105;Paris  5e;00851;Paris;75;Paris;11;Île-de-France;48.846615, 2.35455;https://scanr.enseignementsup-recherche.gouv.fr/structure/200918490N;032083327;http://www.idref.fr/032083327
Etoiles de l'Europe;;3;2015;1;Homme;Jérôme;PEYRARD;;CP-IP;TRANSPORT;FP7-2011-GC-ELECTROCHEMICAL-STORAGE;ELIBAMA;European Li-Ion Battery Advanced Manufacturing for Electric Vehicles;http://cordis.europa.eu/project/rcn/101578_en.html;;780129987;RENAULT SAS;;Privé;92012;Boulogne-Billancourt;00851;Paris;92;Hauts-de-Seine;11;Île-de-France;48.831399, 2.227875;https://scanr.enseignementsup-recherche.gouv.fr/structure/780129987;;
Etoiles de l'Europe;Mention Science ouverte;4;2016;1;Homme;Pierre-Yves;LE TRAON;Politique spatiale et défense;CP-FP;SPA;FP7-SPACE-2012-1;E-AIMS;Euro-Argo Improvements for the GMES/Copernicus Marine Service;http://cordis.europa.eu/project/rcn/106553_en.html;"L’objectif du projet était de préparer les extensions d’Argo en Europe pour les besoins du programme Européen Copernicus (GMES) et de son service marin. 
Résultats : Une démonstration de l’impact des nouveaux flotteurs profilants Argo (flotteurs profonds, flotteurs avec capteurs oxygène et biogéochimiques, flotteurs Arctique, flotteurs avec communication bidirectionnelle) pour le Copernicus Marine Service a été menée avec succès: spécification des nouveaux flotteurs, déploiements et tests à la mer, adaptation des centres de traitement, traitement temps réel et utilisation par le Copernicus Marine Service (validation des observations satellites, validation des modèles océaniques, assimilation de données). Ces résultats démontrent l’importance de ces nouveaux flotteurs pour le Copernicus Marine Service ainsi que la maturité et la faisabilité de la mise en place de ces extensions du programme Argo.   Les recommandations du projet sont maintenant utilisées par l’infrastructure de recherche européenne Euro-Argo (Euro-Argo ERIC) qui doit préparer la mise en place de la nouvelle phase du programme Argo en Europe.";522911577;MERCATOR OCEAN;;Privé;31446;Ramonville-Saint-Agne;31701;Toulouse;31;Haute-Garonne;76;Languedoc-Roussillon - Midi-Pyrénées;43.550226, 1.484935;https://scanr.enseignementsup-recherche.gouv.fr/structure/522911577;091308143;http://www.idref.fr/091308143
Etoiles de l'Europe;;1;2013;1;Homme;Marc;LAMY DE LA CHAPELLE;;CP-FP;HEALTH;FP7-HEALTH-2009-single-stage;NANOANTENNA;Development of a high sensitive and specific nanobiosensor based on surface enhanced vibrational spectroscopy dedicated to the in vitro proteins detection and disease diagnosis;http://cordis.europa.eu/project/rcn/92196_en.html;;201120463Z;Laboratoire de Chimie, Structures, Propriétés de Biomatériaux et d'Agents Thérapeutiques;CSPBAT;Structure mixte;93079;Villetaneuse;00851;Paris;93;Seine-Saint-Denis;11;Île-de-France;48.956595, 2.338335;https://scanr.enseignementsup-recherche.gouv.fr/structure/201120463Z;120806118;http://www.idref.fr/120806118
Etoiles de l'Europe;;3;2015;1;Homme;Pierre;LAYROLLE;;CP-IP;HEALTH;FP7-HEALTH-2009-single-stage;REBORNE;Regenerating Bone defects using New biomedical Engineering approaches;http://cordis.europa.eu/project/rcn/92715_en.html;;200919263D;Laboratoire de Physiopathologie de la Résorption Osseuse et Thérapie des Tumeurs Osseuses Primitives;LPRO;Structure mixte;44109;Nantes;44701;Nantes;44;Loire-Atlantique;52;Pays de la Loire;47.211645, -1.555477;https://scanr.enseignementsup-recherche.gouv.fr/structure/200919263D;081565887;http://www.idref.fr/081565887
Etoiles de l'Europe;;2;2014;2;Femme;Régine;BASSEGUY;;MC-ITN;PEOPLE;FP7-PEOPLE-ITN-2008;BIOCOR ITN;Initial training network on biocorrosion;http://cordis.europa.eu/project/rcn/92377_en.html;;199511947M;Laboratoire de Génie Chimique;LGC;Structure mixte;31555;Toulouse;31701;Toulouse;31;Haute-Garonne;76;Languedoc-Roussillon - Midi-Pyrénées;43.556606, 1.503147;https://scanr.enseignementsup-recherche.gouv.fr/structure/199511947M;068973748;http://www.idref.fr/068973748
Etoiles de l'Europe;;1;2013;1;Homme;Ivo;GLYNNE GUT;;CP-IP;HEALTH;FP7-HEALTH-2007-A;READNA;REvolutionary Approaches and Devices for Nucleic Acid Analysis;http://cordis.europa.eu/project/rcn/88224_en.html;;200718609B;Institut de Génomique;IG;Structure propre;91228;Évry;00851;Paris;91;Essonne;11;Île-de-France;48.623965, 2.439716;https://scanr.enseignementsup-recherche.gouv.fr/structure/200718609B;12362276X;http://www.idref.fr/12362276X
Etoiles de l'Europe;;3;2015;1;Homme;Tommaso;VENTURINI;;CP-FP;SIS;FP7-SCIENCE-IN-SOCIETY-2011-1;EMAPS;Electronic Maps to Assist Public Science;http://cordis.europa.eu/project/rcn/101858_en.html;;201420819Y;Laboratoire Médialab;MÉDIALAB;Structure mixte;75107;Paris  7e;00851;Paris;75;Paris;11;Île-de-France;48.854134, 2.328395;https://scanr.enseignementsup-recherche.gouv.fr/structure/201420819Y;184040167;http://www.idref.fr/184040167
Etoiles de l'Europe;Mention Renouvellement;4;2016;2;Femme;Jennifer;ZEITLIN;Biologie et santé;CP-FP;HEALTH;FP7-HEALTH-2010-two-stage;EPICE;Effective Perinatal Intensive Care in Europe: translating knowledge into evidence based practice;http://cordis.europa.eu/project/rcn/97698_en.html;"Le projet EPICE a pour objectif d’améliorer la survie et la santé à long terme des grands prématurés, en vérifiant que les soins dont on a prouvé l’efficacité de manière rigoureuse sont appliqués dans la pratique courante. Les enfants grands prématurés nés avant 32 semaines d'âge gestationnel représentent 1 à 2% de la totalité des naissances (>50.000 par an en Europe). Ces enfants ont un risque plus élevé de mortalité et de troubles moteurs, neurocognitifs et comportementaux que les enfants nés à terme. Ce projet de recherche au niveau européen est née du constat qu’il existe de très fortes variations régionales des taux de mortalité et de morbidité chez les grands prématurés en Europe.
Promouvoir l'application des recommandations cliniques fondées sur les preuves scientifiques est une approche prometteuse et efficace pour améliorer la qualité des soins et la santé. Le projet a étudié un large éventail de pratiques médicales afin de mesurer leur utilisation, étudier les facteurs favorisant leur diffusion dans la pratique clinique courante et mesurer l’impact de leur utilisation sur la santé des enfants grands prématurés.";201420738K;Centre de Recherche Epidémiologiques et Bio Statistiques de Sorbonne Paris Cité;CRESS;Structure mixte;75104;Paris  4e;00851;Paris;75;Paris;11;Île-de-France;48.8539541, 2.3483307;https://scanr.enseignementsup-recherche.gouv.fr/structure/201420738K;174867816;http://www.idref.fr/174867816
Etoiles de l'Europe;;3;2015;1;Homme;Philippe;BERGONZO;;CP-FP;NMP;FP7-NMP-2011-SMALL-5;NEUROCARE;Neuronal NanoCarbon Interfacing Structures;http://cordis.europa.eu/project/rcn/102485_en.html;;200118591H;Laboratoire d'Intégration des Systèmes et des Technologies;LIST;Structure propre;91272;Gif-sur-Yvette;00851;Paris;91;Essonne;11;Île-de-France;48.701844, 2.134078;https://scanr.enseignementsup-recherche.gouv.fr/structure/200118591H;122049462;http://www.idref.fr/122049462
Etoiles de l'Europe;;2;2014;2;Femme;Odile;BOESPFLUG TANGUY;;CP-FP;HEALTH;FP7-HEALTH-2009-single-stage;LEUKOTREAT;Therapeutic challenge in Leukodystrophies: Translational and ethical research towards clinical trials;http://cordis.europa.eu/project/rcn/98077_en.html;;26750045200995;Hôpital Robert Debre;;Public;75119;Paris 19e;00851;Paris;75;Paris;11;Île-de-France;48.878554, 2.40299;https://scanr.enseignementsup-recherche.gouv.fr/structure/267500452;077602730;http://www.idref.fr/077602730
Etoiles de l'Europe;Mention Science ouverte;4;2016;1;Homme;Christian;SALLES;Environnement, agronomie, écologie, sciences du système terre et de l’univers;CP-TP;KBBE;FP7-KBBE-2011-5;TERIFIQ;Combining Technologies to achieve significant binary Reductions in sodium, Fat and Sugar content in everyday foods whilst optimising their nutritional Quality;http://cordis.europa.eu/project/rcn/101709_en.html;L’excès de consommation de sel, sucre et matière grasse est responsable de troubles grave de la santé des populations : hypertension, obésité, cancer, diabète, problèmes cardiovasculaires. Les enjeux de santé publique du projet sont clairement affichés pour TeRiFiQ: reformuler des aliments de consommation courante avec moins de sodium, de matière grasse (saturé) et de sucre avec une bonne acceptabilité par le consommateur.;201019359D;Centre des Sciences du Goût et de l'Alimentation;CSGA;Structure mixte;21231;Dijon;21701;Dijon;21;Côte-d'Or;27;Bourgogne - Franche-Comté;47.319516, 5.065454;https://scanr.enseignementsup-recherche.gouv.fr/structure/201019359D;076173526;http://www.idref.fr/076173526
Etoiles de l'Europe;;3;2015;1;Homme;Philippe;AMOUYEL;;CSA-CA;HEALTH;FP7-HEALTH-2010-single-stage;JUMPAHEAD;Coordination Action in support of the implementation of a Joint Programming Initiative for Combating Neurodegenerative Diseases, in particular Alzheimer’s disease;http://cordis.europa.eu/project/rcn/96715_en.html;;265906719;Centre Hospitalier Universitaire de Lille;CHU Lille;Public;59350;Lille;59702;Lille;59;Nord;32;Nord-Pas-de-Calais - Picardie;50.611169, 3.031671;https://scanr.enseignementsup-recherche.gouv.fr/structure/265906719;058556818;http://www.idref.fr/058556818
Etoiles de l'Europe;;2;2014;1;Homme;Franck;DUMEIGNIL;;CP;ENERGY;FP7-2009-BIOREFINERY_CP;EUROBIOREF;EUROpean multilevel integrated BIOREFinery design for sustainable biomass processing;http://cordis.europa.eu/project/rcn/93922_en.html;;200612828X;Unité de Catalyse et de Chimie du Solide;UCCS;Structure mixte;59009;Villeneuve-d'Ascq;59702;Lille;59;Nord;32;Nord-Pas-de-Calais - Picardie;50.60916, 3.145993;https://scanr.enseignementsup-recherche.gouv.fr/structure/200612828X;096308494;http://www.idref.fr/096308494
Etoiles de l'Europe;;3;2015;1;Homme;Christian;JOACHIM;;CP;ICT;FP7-ICT-2009-6;ATMOL;Atomic Scale and single Molecule Logic gate Technologies;http://cordis.europa.eu/project/rcn/97085_en.html;;199117683P;Centre d'Élaboration de Matériaux et d'Études Structurales;CEMES;Structure propre;31555;Toulouse;31701;Toulouse;31;Haute-Garonne;76;Languedoc-Roussillon - Midi-Pyrénées;43.5792765, 1.4631031;https://scanr.enseignementsup-recherche.gouv.fr/structure/199117683P;070141436;http://www.idref.fr/070141436
Etoiles de l'Europe;;1;2013;2;Femme;Véronique;PERDEREAU;;CP;ICT;FP7-ICT-2007-3;HANDLE;Developmental pathway towards autonomy and dexterity in robot in-hand manipulation;http://cordis.europa.eu/project/rcn/89250_en.html;;200918463J;Institut des Systèmes Intelligents et Robotiques;ISIR;Structure mixte;75105;Paris  5e;00851;Paris;75;Paris;11;Île-de-France;48.846615, 2.35455;https://scanr.enseignementsup-recherche.gouv.fr/structure/200918463J;115288716;http://www.idref.fr/115288716
Etoiles de l'Europe;Mention Innovation;4;2016;2;Femme;Sophie;SIEG-ZIEBA;Mathématiques, physique, nano-sciences, sciences et technologies de l’information et de la communication;CP-TP;NMP;FP7-2012-NMP-ICT-FoF;SUPREME;SUstainable PREdictive Maintenance for manufacturing Equipment;http://cordis.europa.eu/project/rcn/104688_fr.html;"Améliorer la productivité a d’immenses retombées sur l’économie et la compétitivité de
l’industrie manufacturière européenne. La maintenance industrielle contribue en grande
partie à cette compétitivité, grâce à la fiabilité et la disponibilité des équipements de
production, et ce particulièrement dans les industries de production continue (secteurs de
l’énergie, de la chimie, de l’alimentaire, du ciment et du papier). Cependant, des composants
défectueux ou des dysfonctionnements dans les processus peuvent entraver l’ensemble de
la production ; voilà pourquoi la maintenance prévisionnelle constitue une question cruciale.
Dans ce contexte, le projet SUPREME est porteur de nouveaux outils dynamiques destinés
à adapter les stratégies de maintenance et d’intervention à l’état actuel des composants
critiques des équipements de production. Il propose également de développer une approche
intégrée afin d’optimiser le processus de production et sa consommation énergétique.
Initié en Septembre 2012, le consortium SUPREME intègre des acteurs techniques clés de
la maintenance à forte valeur ajoutée. Ce consortium a rassemblé dix partenaires ; trois
d’entre eux sont des PME (EC Systems, Loy & Hutz and Optimive), dont les capacités en
R&D ont rendu possible le développement de trois modules qui ont été intégrés pour mettre
en oeuvre l’approche proposée (Un système de surveillance d’état intégré à l’équipement, un
module logiciel pour les outils de Fiabilité et de Durabilité, un module de Contrôle Intelligent).
Les travaux de recherche ont été menés par des équipes de l’Institut National Polytechnique
de Grenoble (Grenoble INP), du Centre Technique des Industries Mécaniques (CETIM), de
l’institut Fraunhofer IPA et de l’Université technique de Prague (CVUT). Le cas d’application
dans l’industrie du papier est supervisé par Orloga et Condat (groupe Lecta). Quant à Cofely
Endel, de par son expérience dans la maintenance, elle s’implique pour que les nouveaux
développements puissent être appliqués dans divers secteurs industriels.
Les principaux résultats principaux du projet sont les suivants:
• Le développement du modèle de référence SUPREME, intégrant les spécifications
industrielles, le contenu des différents modules et les interactions entre eux.
• la spécification de plate-forme de test chez Condat, avec une forte implication de
l'industrie du papier pour choisir l'équipement le plus critique et le plus pertinent pour
démontrer le concept de maintenance prédictive.
• l'instrumentation de la plate-forme de test, pour collecter des données de la machine,
pour permettre le développement des outils SUPREME.
• L’amélioration et développement des méthodologies et des outils pour la Fiabilité et la
Maintenabilité des équipements de production (évaluation des risques intégrant un
modèle de coût de défaillance, modèle de détérioration des équipements et évaluation de
la durée de vie résiduelle, planification dynamique de la maintenance prenant en compte
les conditions, le plan de production et la disponibilité des travailleurs, intégration de tous
ces outils dans le logiciel de Gestion de Maintenance assistée par Ordinateur
• Développement d’un système de surveillance embarqué dans la machine (système
d'acquisition, outils de Traitement de Signal Avancés pour une analyse automatique des
signaux et de l'extraction des caractéristiques les plus pertinentes, approche multicapteur
pour un diagnostic plus robuste, fiable et au plus tôt)
• Développement du module de contrôle Intelligent et de data mining pour l’optimisation du
process.
Tous les modules développés ont été installés et validés chez Condat, permettant de
proposer systématiquement la meilleure stratégie de maintenance, de maximiser la
disponibilité d'une machine et minimiser les coûts de maintenance. Avec la méthode de
Maintenance prédictive SUPREME le risque des défaillances machine peut être réduit
significativement, pour que l'économie globale puisse atteindre 20 % par an, comparé à la
stratégie de maintenance préventive.
Concernant l’optimisation du process, la solution SUPREME permet d’économiser de
l’énergie tout en gardant la même qualité et les exigences de production. Cette stratégie est
basée sur un réseau d’intelligence artificiel qui recommande toujours la meilleure solution
pour la même qualité de production. Les simulations nous donnent une économie potentielle
d'environ de 5 % de consommation d'énergie
En parallèle, cinq modules d'e-learning ont été développés permettant de présenter tous les
éléments technologiques développés et exploités dans le projet.";775629074;CETIM;CETIM;Privé;60612;Senlis;60306;Senlis;60;Oise;32;Nord-Pas-de-Calais - Picardie;49.203661, 2.606838;https://scanr.enseignementsup-recherche.gouv.fr/structure/775629074;203628802;http://www.idref.fr/203628802
Etoiles de l'Europe;Mention Renouvellement;4;2016;1;Homme;Levent;GURGEN;Énergie, développement durable, chimie et procédés;CP-FP-INFSO;ICT;FP7-ICT-2013-EU-Japan;CLOUT;Cloud of Things for empowering the citizen clout in smart cities;http://cordis.europa.eu/project/rcn/109108_fr.html;"Le projet ClouT, ou « Cloud of Things », a développé une plateforme logicielle qui permet d'accéder de façon sécurisée et uniformisée aux données issues de diverses sources disponibles dans une ville (nœuds capteurs, réseaux sociaux, systèmes legacy, applications mobiles, réseaux sociaux, pages web, etc.) fournissant un ensemble riche d’informations à un instant donné (qualité de l’air, niveau de pollen, données météorologiques, risque d’inondation, risque liés à la sécurité, présence de piétons, utilisation de transports publics, emplacement de parking de voitures ou de vélos électriques disponibles, itinéraires intéressants à suivre par des touristes, etc.). La plateforme est accompagnée par des outils et des interfaces de programmation destinés aux municipalités, aux développeurs d’applications, aux intégrateurs, ou simplement aux citoyens, pour faciliter l'exploitation de cette masse de données; des applications destinées à mieux gérer des ressources dans divers domaines, comme le tourisme, la gestion de catastrophes naturelles, l'efficacité des infrastructures, la sécurité citoyenne, etc. et ainsi améliorer la vie quotidienne des citoyens.

Ces applications dans le domaine « Villes Intelligentes » sont aujourd'hui déployées dans les 4 villes pilotes du projet - Santander, Genova, Fujisawa et Mitaka -: du monitoring environnemental, des coupons dynamiques utilisés dans le domaine du tourisme, des tableaux de bord personnalisables, des réseaux sociaux destinés aux personnes âgées, etc. ont été testées et validées sur le terrain  en impliquant des vrais utilisateurs finaux.
Les résultats du projet ont été présentés sous forme de livrables; en proposant logiciels réutilisables en mode ""open source""; des descriptions des essais sur terrain; des vidéos; des newsletters, etc. Toute cette information est disponible dans le site web du projet sur le lien : http://clout-project.eu.";196718590E;Laboratoire d'Électronique et de Technologie de l'Information;LETI;Structure propre;38185;Grenoble;38701;Grenoble;38;Isère;84;Auvergne - Rhône-Alpes;45.202502, 5.703794;https://scanr.enseignementsup-recherche.gouv.fr/structure/196718590E;126526575;http://www.idref.fr/126526575
Etoiles de l'Europe;Mention Renouvellement;4;2016;1;Homme;Yves;AURÉGAN;Énergie, développement durable, chimie et procédés;MC-ITN;PEOPLE;FP7-PEOPLE-2011-ITN;FLOWAIRS;Silent Air Flows in transport, buildings and power generation;http://cordis.europa.eu/project/rcn/101333_fr.html;"Le projet FlowAirS a pour but principal de former une nouvelle génération de chercheurs sur
les écoulements silencieux, avec un socle de connaissances solide et une expérience
académique et industrielle. Pour cela, le projet FlowAirS a réunit un réseau de spécialistes
européens et égyptien en aéro- et vibro-acoustique afin de former des jeunes chercheurs sur
des méthodes innovantes de diminution du bruit pour améliorer notre qualité de vie.";199612385J;Laboratoire d'Acoustique de l'Université du Maine;LAUM;Structure mixte;72181;Le Mans;72701;Le Mans;72;Sarthe;52;Pays de la Loire;48.014852, 0.159131;https://scanr.enseignementsup-recherche.gouv.fr/structure/199612385J;;
Etoiles de l'Europe;;2;2014;2;Femme;Christine;MORIN;;CP;ICT;FP7-ICT-2009-5;CONTRAIL;Open Computing Infrastructures for Elastic Services;http://cordis.europa.eu/project/rcn/95934_en.html;;201020965Z;Conception et Mise en Oeuvre de Systèmes Distribués Autonomes;MYRIADS;Equipe projet;35238;Rennes;35701;Rennes;35;Ille-et-Vilaine;53;Bretagne;48.1177, -1.634722;https://scanr.enseignementsup-recherche.gouv.fr/structure/201020965Z;059647485;http://www.idref.fr/059647485
Etoiles de l'Europe;;2;2014;1;Homme;Dafiné;RAVELOSONA;;CP;ICT;FP7-ICT-2009-5;MAGWIRE;Magnetic Nanowires for High Density Non Volatile Memories;http://cordis.europa.eu/project/rcn/95547_en.html;;199812947L;Institut d'Électronique Fondamentale;IEF;Structure mixte;91471;Orsay;00851;Paris;91;Essonne;11;Île-de-France;48.7565537, 2.173664;https://scanr.enseignementsup-recherche.gouv.fr/structure/199812947L;075708701;http://www.idref.fr/075708701
Etoiles de l'Europe;;2;2014;1;Homme;Serge;FDIDA;;CP;ICT;FP7-ICT-2011-7;OPENLAB;OpenLab: extending FIRE testbeds and tools;http://cordis.europa.eu/project/rcn/100740_en.html;;199712651U;Laboratoire d'Informatique de Paris 6;LIP6;Structure mixte;75105;Paris  5e;00851;Paris;75;Paris;11;Île-de-France;48.846615, 2.35455;https://scanr.enseignementsup-recherche.gouv.fr/structure/199712651U;029605202;http://www.idref.fr/029605202
Etoiles de l'Europe;;2;2014;1;Homme;Olivier;BALET;;CP;ICT;FP7-ICT-2009-6;CHESS;Cultural Heritage Experiences through Socio-personal interactions and Storytelling;http://cordis.europa.eu/project/rcn/97182_en.html;;408225845;DIGINEXT;;Privé;13001;Aix-en-Provence;00759;Marseille - Aix-en-Provence;13;Bouches-du-Rhône;93;Provence-Alpes-Côte d'Azur;43.496426, 5.351989;https://scanr.enseignementsup-recherche.gouv.fr/structure/408225845;076080676;http://www.idref.fr/076080676
Etoiles de l'Europe;;2;2014;1;Homme;Abderrahim;AL MAZOUZI;;CP-IP;EURATOM-FISSION;FP7-Fission-2008;PERFORM 60;Prediction of the Effects of Radiation FOr reactor pressure vessel and in-core Materials using multi-scale modelling - 60 years foreseen plant lifetime;http://cordis.europa.eu/project/rcn/89385_en.html;;552081317;ELECTRICITE DE FRANCE;EDF;Public;75108;Paris  8e;00851;Paris;75;Paris;11;Île-de-France;48.876178, 2.297068;https://scanr.enseignementsup-recherche.gouv.fr/structure/552081317;;
Etoiles de l'Europe;Mention Renouvellement;4;2016;1;Homme;Gilles;FLAMANT;Énergie, développement durable, chimie et procédés;CP;ENERGY;FP7-ENERGY-2011-1;CSP2;Concentrated Solar Power in Particles;http://cordis.europa.eu/project/rcn/100979_en.html;"Le projet CSP2 concerne la technologie de l’énergie solaire concentrée, et en particulier les centrales solaires thermiques. Dans une centrale solaire thermique, le rayonnement solaire concentré est utilisé pour chauffer un fluide, en général un liquide, dans un récepteur. La chaleur est ensuite transférée à de la vapeur puis convertie en électricité grâce une turbine à vapeur. Pour assurer la production d’électricité en absence de soleil, un stockage thermique est intercalé entre le récepteur et la turbine. Cette architecture permet également d’hybrider les sources d’énergie primaires (par exemple énergie solaire et bio fuels) pour sécuriser la production d’énergie. La limite de température de fonctionnement des centrales solaires commerciales est actuellement de 550°C et la durée de stockage à pleine puissance peut atteindre 15h. Le projet CSP2 a eu pour but de dépasser cette limite de 550°C par l’utilisation de suspensions denses de particules -DPS- en tant que fluide caloporteur alternatif circulant dans des tubes constituant un récepteur solaire. L’objectif était d’atteindre une température de travail du cycle thermodynamique de 700°C environ et de diminuer l'impact environnemental des caloporteurs standards utilisés actuellement dans les procédés à énergie solaire concentrée (CSP). Enfin, les particules peuvent également stocker la chaleur, point crucial pour le développement de cette filière.
Le projet a compris des études fondamentales sur l'hydrodynamique des particules et le transfert de chaleur dans des tubes de petit diamètre, la construction d’un pilote à l’échelle laboratoire de 150 kW, une série d’essais au soleil au foyer du Four Solaire de 1 MW du CNRS à Odeillo, et les études d’extrapolation du procédé à différentes échelles.  
Le consortium a mis en œuvre avec succès une boucle solaire pilote au foyer du four solaire de 1MW du CNRS. Le potentiel d'accroissement de l'efficacité de la conversion thermodynamique de 40% à 50% grâce à la possibilité de travailler avec un cycle de Brayton au CO2 supercritique ou un cycle combiné a été démontré théoriquement. En raison d’une part de l'amélioration du rendement thermique et  de la réduction des dépenses énergétiques annexes d’autre part, le concept de CSP2 peut être considéré comme respectueux de l'environnement.
En ce qui concerne de nouveaux services, produits et technologies, le projet a permis de développer un concept totalement innovant et rentable qui pourra être exploité par les développeurs de centrale solaire thermodynamique. En termes d’impact, le projet a permis :
- De réduire les risques technologiques pour les prochaines étapes de développement (démonstration à plus grande échelle);
- D’augmenter de manière significative la performance de la technologie;
- De réduire l’impact du cycle de vie sur l'environnement;
- De favoriser le développement de la capacité industrielle pour produire des composants et des systèmes ainsi que d’ouvrir de nouvelles opportunités ;
- De contribuer au renforcement de la base technologique de l'industrie européenne, ce qui peut créer de la croissance et l'emploi en Europe;
- De réduire le temps/le coût d’installation et les coûts d’exploitation des technologies d'énergie renouvelable permettant ainsi de faciliter le déploiement de sources d'énergie renouvelables dans le mix énergétique;
- D’augmenter la fiabilité et la durée de vie de cette technologie tout en diminuant les coûts d'exploitation et de maintenance, créant ainsi de nouvelles opportunités commerciales;
- De contribuer à la résolution des défis mondiaux du climat et de l'énergie;
- De soutenir l'amélioration de la sécurité énergétique de l'UE.";198917681W;Laboratoire Procédés, Matériaux Énergie Solaire;PROMES;Structure propre;66136;Perpignan;66601;Perpignan;66;Pyrénées-Orientales;76;Languedoc-Roussillon - Midi-Pyrénées;42.6654943, 2.9098303;https://scanr.enseignementsup-recherche.gouv.fr/structure/198917681W;033725489;http://www.idref.fr/033725489
Etoiles de l'Europe;;2;2014;1;Homme;Jean-Louis;PEYRAUD;;CP-FP;KBBE;FP7-KBBE-2009-3;MULTISWARD;Multi species swards and multi scale strategies for multifunctional grassland based ruminant production systems;http://cordis.europa.eu/project/rcn/94390_en.html;;201220380E;Physiologie, Environnement et Génétique pour l'Animal et les Systèmes d'Élevage;PEGASE;Structure mixte;35275;Saint-Gilles;35117;Saint-Gilles;35;Ille-et-Vilaine;53;Bretagne;48.1413244, -1.8337863;https://scanr.enseignementsup-recherche.gouv.fr/structure/201220380E;090431545;http://www.idref.fr/090431545
Etoiles de l'Europe;;3;2015;2;Femme;Nathalie;GONTARD;;CP-FP;KBBE;FP7-KBBE-2010-4;EcoBioCAP;Ecoefficient Biodegradable Composite Advanced Packaging;http://cordis.europa.eu/project/rcn/97870_en.html;;200317667V;Ingénierie des Agropolymères et Technologies Émergentes;IATE;Structure mixte;34172;Montpellier;34701;Montpellier;34;Hérault;76;Languedoc-Roussillon - Midi-Pyrénées;43.617041, 3.854878;https://scanr.enseignementsup-recherche.gouv.fr/structure/200317667V;053458117;http://www.idref.fr/053458117
Etoiles de l'Europe;;1;2013;1;Homme;Philippe;CIAIS;;CP-CSA-Infra;INFRASTRUCTURES;FP7-INFRASTRUCTURES-2007-1;ICOS;Integrated Carbon Observation System;http://cordis.europa.eu/project/rcn/88256_en.html;;200611689J;Laboratoire des Sciences du Climat et de l'Environnement;LSCE;Structure mixte;91272;Gif-sur-Yvette;00851;Paris;91;Essonne;11;Île-de-France;48.705109, 2.132328;https://scanr.enseignementsup-recherche.gouv.fr/structure/200611689J;092241700;http://www.idref.fr/092241700
Etoiles de l'Europe;;1;2013;2;Femme;Valerie;ISSARNY;;CP;ICT;FP7-ICT-2007-3;CONNECT;Emergent Connectors for Eternal Software Intensive Networked Systems;http://cordis.europa.eu/project/rcn/88971_en.html;;201421139W;Middleware on Thé Move;MIMOVE;Equipe projet;78524;Rocquencourt;00851;Paris;78;Yvelines;11;Île-de-France;48.837144, 2.1107619;https://scanr.enseignementsup-recherche.gouv.fr/structure/201421139W;059578378;http://www.idref.fr/059578378
Etoiles de l'Europe;Mention Science ouverte;4;2016;1;Homme;Pietro;MICHIARDI;Mathématiques, physique, nano-sciences, sciences et technologies de l’information et de la communication;CP-FP-INFSO;ICT;FP7-ICT-2011-8;BIGFOOT;Big Data Analytics of Digital Footprints;http://cordis.europa.eu/project/rcn/105197_en.html;BigFoot est un projet pionnier dans la définition et la construction de la technologie nécessaire pour offrir des services d’analyse de donné à la demande (« Analytics-as-a-Service », AAAS) aux utilisateurs finaux, pour instancier les outils nécessaires pour ingérer, stocker et analyser des énormes masses de données. Le projet BigFoot est entièrement intégré dans Apache OpenStack, le standard de facto de l'industrie pour le « cloud computing », ce qui le rends un projet ouvert, accessible et évolutif.;383181575;École d'ingénieur EURECOM Sophia Antipolis Télécom;EURECOM;Privé;6018;Biot;06701;Nice;6;Alpes-Maritimes;93;Provence-Alpes-Côte d'Azur;43.613517, 7.079587;https://scanr.enseignementsup-recherche.gouv.fr/structure/383181575;087927586;http://www.idref.fr/087927586
Etoiles de l'Europe;;2;2014;2;Femme;Monique;AXELOS;;CP-IP;KBBE;FP7-KBBE-2007-2A;DREAM;Design and development of REAlistic food Models with well-characterised micro- and macro-structure and composition;http://cordis.europa.eu/project/rcn/90437_en.html;;199617832E;Biopolymères, Interactions Assemblages;BIA;Structure propre;44109;Nantes;44701;Nantes;44;Loire-Atlantique;52;Pays de la Loire;47.22672, -1.547546;https://scanr.enseignementsup-recherche.gouv.fr/structure/199617832E;084712414;http://www.idref.fr/084712414
Etoiles de l'Europe;;1;2013;2;Femme;Myriam;COTTIAS;;CP-FP;SSH;FP7-SSH-2007-1;EURESCL;Slave Trade Slavery Abolitions and their Legacies in European Histories and Identities;http://cordis.europa.eu/project/rcn/89509_en.html;;200212720X;Centre de Recherche sur les Pouvoirs Locaux dans la Caraïbe;CRPLC;Structure mixte;97229;Schoelcher;9B601;Fort-de-France;972;Martinique;2;Martinique;50.627577, 3.1245373;https://scanr.enseignementsup-recherche.gouv.fr/structure/200212720X;029261090;http://www.idref.fr/029261090
Etoiles de l'Europe;;2;2014;2;Femme;Florence;DELPRAT-JANNAUD;;CP;ENERGY;FP7-ENERGY-2010-1;SITECHAR;Characterisation of European CO2 storage;http://cordis.europa.eu/project/rcn/96066_en.html;;775729155;Institut français du pétrole Energies nouvelles;IFP Énergies nouvelles;Public;92063;Rueil-Malmaison;00851;Paris;92;Hauts-de-Seine;11;Île-de-France;48.876713, 2.173826;https://scanr.enseignementsup-recherche.gouv.fr/structure/775729155;032305265;http://www.idref.fr/032305265
Etoiles de l'Europe;;2;2014;1;Homme;Andreas;ZEINERT;;CP-FP;NMP;FP7-NMP-2010-EU-Mexico;BISNANO;Functionalities of Bismuth based nanostructures;http://cordis.europa.eu/project/rcn/97950_en.html;;199613705U;Laboratoire de Physique de la Matière Condensée;LPMC;Structure propre;80021;Amiens;80601;Amiens;80;Somme;32;Nord-Pas-de-Calais - Picardie;49.899049, 2.300528;https://scanr.enseignementsup-recherche.gouv.fr/structure/199613705U;075421356;http://www.idref.fr/075421356
Etoiles de l'Europe;;1;2013;2;Femme;Leila;MEHRANE;;CSA-CA;NMP;FP7-ERANET-2009-RTD;CROSSTEXNET;TEXTILE AT THE CROSS ROADS OF NEW APPLICATIONS;http://cordis.europa.eu/project/rcn/94944_en.html;;507487130;Centre Européen des Textiles Innovants;CETI;Public;59599;Tourcoing;59702;Lille;59;Nord;32;Nord-Pas-de-Calais - Picardie;50.706835, 3.164579;https://scanr.enseignementsup-recherche.gouv.fr/structure/507487130;;
